{
  "e6899215-86a1-4b87-b938-49bf4cd299be": {
    "down_u": 7491.4,
    "down_sigma": 3369.2984195526524,
    "up_u": 4935.2,
    "up_sigma": 2767.319309367822
  },
  "0f9b61f0-5efe-44fc-b69f-aef91b23c1b7": {
    "down_u": 4054.8,
    "down_sigma": 1819.527894812278,
    "up_u": 3006.2,
    "up_sigma": 890.0824456195055
  },
  "2b0dadf8-199f-4d5f-a8f1-50df76839aef": {
    "down_u": 2370.212121212121,
    "down_sigma": 1388.1842458618873,
    "up_u": 2774.242424242424,
    "up_sigma": 1096.948965148141
  },
  "39c0ff3a-a914-4fba-9d53-85fc2bc551cc": {
    "down_u": 9913.0,
    "down_sigma": 1551.0399654293162,
    "up_u": 6635.410256410257,
    "up_sigma": 1459.5417039385452
  },
  "90f7d82d-c989-4fea-abd0-c75dfaec5256": {
    "down_u": 4208.662790697675,
    "down_sigma": 1481.6159751831085,
    "up_u": 2974.4651162790697,
    "up_sigma": 833.157174061475
  },
  "3475b4ab-54c4-46ca-b63a-9e6e4891a62a": {
    "down_u": 3778.4545454545455,
    "down_sigma": 2843.4362490619233,
    "up_u": 2631.6136363636365,
    "up_sigma": 1576.3594741150355
  },
  "92e29e25-933f-46a7-a661-695799064bac": {
    "down_u": 3472.7419354838707,
    "down_sigma": 1276.7312336902096,
    "up_u": 5140.580645161291,
    "up_sigma": 2277.3561464316263
  },
  "c540ca65-575b-4f93-8978-b03d7b506966": {
    "down_u": 4668.421052631579,
    "down_sigma": 612.6053778987505,
    "up_u": 3205.4736842105262,
    "up_sigma": 419.3541234880451
  },
  "07857cab-904f-40d9-9271-ce978a7b7961": {
    "down_u": 3297.695652173913,
    "down_sigma": 771.3279590523599,
    "up_u": 2336.608695652174,
    "up_sigma": 1609.9481692745492
  },
  "d899f566-865b-4ff2-898c-27960d9db089": {
    "down_u": 4283.575757575758,
    "down_sigma": 1560.9717647418854,
    "up_u": 3641.6060606060605,
    "up_sigma": 1495.0172784933197
  },
  "50ce5ea5-b2ec-4308-8f48-a0d1c2e9630a": {
    "down_u": 3658.1428571428573,
    "down_sigma": 1315.8921936489032,
    "up_u": 2546.8571428571427,
    "up_sigma": 1089.0442308440433
  },
  "68b7c0e9-dfb0-4a56-b592-6decc9135fbf": {
    "down_u": 7214.076923076923,
    "down_sigma": 3363.2134121434074,
    "up_u": 4039.6923076923076,
    "up_sigma": 2189.0224331919835
  },
  "7f93ef90-ab08-3839-ac70-8ab61a80b817": {
    "down_u": 8885.471698113208,
    "down_sigma": 1999.11133656719,
    "up_u": 6278.566037735849,
    "up_sigma": 489.10085040350583
  },
  "44ee7bdc-3ada-3237-87a9-02e45c6bc3e6": {
    "down_u": 5125.0,
    "down_sigma": 2087.6044791910326,
    "up_u": 3729.75,
    "up_sigma": 461.4794301191299
  },
  "f3ae636d-b22b-4b13-90f7-777022711b76": {
    "down_u": 7271.266666666666,
    "down_sigma": 1914.0137396464936,
    "up_u": 5742.533333333334,
    "up_sigma": 1964.1279953766305
  },
  "71af0644-0566-4b74-a383-b5823aa2217e": {
    "down_u": 4317.628571428571,
    "down_sigma": 1264.952220118876,
    "up_u": 3285.6857142857143,
    "up_sigma": 1018.296638549707
  },
  "029b8f52-dcbe-4fe8-8a9d-ab8a47fc2de4": {
    "down_u": 6708.066666666667,
    "down_sigma": 6738.474896361111,
    "up_u": 664.6,
    "up_sigma": 312.0001709401241
  },
  "76ada41e-d754-4c51-8cea-aa7f6215bbcd": {
    "down_u": 17332.68181818182,
    "down_sigma": 11181.572207660422,
    "up_u": 5641.454545454545,
    "up_sigma": 2549.76887949535
  },
  "ad39f9cc-ff94-4928-b805-652ecdf8eb47": {
    "down_u": 3176.8064516129034,
    "down_sigma": 1837.991547935125,
    "up_u": 430.96774193548384,
    "up_sigma": 157.72689419679085
  }
}